<annotation>
	<folder>Images</folder>
	<filename>IMAGE_191.jpg</filename>
	<path>C:\scripts\OpenCV_AI_Competetion\project\Images\IMAGE_191.jpg</path>
	<source>
		<database>Unknown</database>
	</source>
	<size>
		<width>300</width>
		<height>300</height>
		<depth>3</depth>
	</size>
	<segmented>0</segmented>
	<object>
		<name>red</name>
		<pose>Unspecified</pose>
		<truncated>0</truncated>
		<difficult>0</difficult>
		<bndbox>
			<xmin>24</xmin>
			<ymin>57</ymin>
			<xmax>87</xmax>
			<ymax>119</ymax>
		</bndbox>
	</object>
	<object>
		<name>blue</name>
		<pose>Unspecified</pose>
		<truncated>0</truncated>
		<difficult>0</difficult>
		<bndbox>
			<xmin>117</xmin>
			<ymin>73</ymin>
			<xmax>188</xmax>
			<ymax>139</ymax>
		</bndbox>
	</object>
	<object>
		<name>black</name>
		<pose>Unspecified</pose>
		<truncated>0</truncated>
		<difficult>0</difficult>
		<bndbox>
			<xmin>212</xmin>
			<ymin>82</ymin>
			<xmax>282</xmax>
			<ymax>148</ymax>
		</bndbox>
	</object>
</annotation>
