<annotation>
	<folder>Images</folder>
	<filename>IMAGE_138.jpg</filename>
	<path>C:\scripts\OpenCV_AI_Competetion\project\Images\IMAGE_138.jpg</path>
	<source>
		<database>Unknown</database>
	</source>
	<size>
		<width>300</width>
		<height>300</height>
		<depth>3</depth>
	</size>
	<segmented>0</segmented>
	<object>
		<name>blue</name>
		<pose>Unspecified</pose>
		<truncated>0</truncated>
		<difficult>0</difficult>
		<bndbox>
			<xmin>47</xmin>
			<ymin>154</ymin>
			<xmax>147</xmax>
			<ymax>251</ymax>
		</bndbox>
	</object>
	<object>
		<name>red</name>
		<pose>Unspecified</pose>
		<truncated>0</truncated>
		<difficult>0</difficult>
		<bndbox>
			<xmin>192</xmin>
			<ymin>164</ymin>
			<xmax>299</xmax>
			<ymax>271</ymax>
		</bndbox>
	</object>
	<object>
		<name>black</name>
		<pose>Unspecified</pose>
		<truncated>0</truncated>
		<difficult>0</difficult>
		<bndbox>
			<xmin>128</xmin>
			<ymin>30</ymin>
			<xmax>232</xmax>
			<ymax>133</ymax>
		</bndbox>
	</object>
</annotation>
