<annotation>
	<folder>train</folder>
	<filename>IMAGE_196.jpg</filename>
	<path>C:\scripts\OpenCV_AI_Competetion\project\Images\train\IMAGE_196.jpg</path>
	<source>
		<database>Unknown</database>
	</source>
	<size>
		<width>300</width>
		<height>300</height>
		<depth>3</depth>
	</size>
	<segmented>0</segmented>
	<object>
		<name>blue</name>
		<pose>Unspecified</pose>
		<truncated>0</truncated>
		<difficult>0</difficult>
		<bndbox>
			<xmin>63</xmin>
			<ymin>81</ymin>
			<xmax>188</xmax>
			<ymax>201</ymax>
		</bndbox>
	</object>
</annotation>
