<annotation>
	<folder>train</folder>
	<filename>IMAGE_132.jpg</filename>
	<path>C:\scripts\OpenCV_AI_Competetion\project\Images\train\IMAGE_132.jpg</path>
	<source>
		<database>Unknown</database>
	</source>
	<size>
		<width>300</width>
		<height>300</height>
		<depth>3</depth>
	</size>
	<segmented>0</segmented>
	<object>
		<name>red</name>
		<pose>Unspecified</pose>
		<truncated>0</truncated>
		<difficult>0</difficult>
		<bndbox>
			<xmin>125</xmin>
			<ymin>115</ymin>
			<xmax>186</xmax>
			<ymax>175</ymax>
		</bndbox>
	</object>
	<object>
		<name>blue</name>
		<pose>Unspecified</pose>
		<truncated>0</truncated>
		<difficult>0</difficult>
		<bndbox>
			<xmin>68</xmin>
			<ymin>45</ymin>
			<xmax>130</xmax>
			<ymax>107</ymax>
		</bndbox>
	</object>
	<object>
		<name>black</name>
		<pose>Unspecified</pose>
		<truncated>0</truncated>
		<difficult>0</difficult>
		<bndbox>
			<xmin>154</xmin>
			<ymin>33</ymin>
			<xmax>216</xmax>
			<ymax>92</ymax>
		</bndbox>
	</object>
</annotation>
