<annotation>
	<folder>Images</folder>
	<filename>IMAGE_164.jpg</filename>
	<path>C:\scripts\OpenCV_AI_Competetion\project\Images\IMAGE_164.jpg</path>
	<source>
		<database>Unknown</database>
	</source>
	<size>
		<width>300</width>
		<height>300</height>
		<depth>3</depth>
	</size>
	<segmented>0</segmented>
	<object>
		<name>blue</name>
		<pose>Unspecified</pose>
		<truncated>0</truncated>
		<difficult>0</difficult>
		<bndbox>
			<xmin>238</xmin>
			<ymin>62</ymin>
			<xmax>299</xmax>
			<ymax>124</ymax>
		</bndbox>
	</object>
	<object>
		<name>red</name>
		<pose>Unspecified</pose>
		<truncated>0</truncated>
		<difficult>0</difficult>
		<bndbox>
			<xmin>135</xmin>
			<ymin>58</ymin>
			<xmax>195</xmax>
			<ymax>117</ymax>
		</bndbox>
	</object>
	<object>
		<name>black</name>
		<pose>Unspecified</pose>
		<truncated>0</truncated>
		<difficult>0</difficult>
		<bndbox>
			<xmin>28</xmin>
			<ymin>52</ymin>
			<xmax>90</xmax>
			<ymax>115</ymax>
		</bndbox>
	</object>
</annotation>
