<annotation>
	<folder>Images</folder>
	<filename>IMAGE_122.jpg</filename>
	<path>C:\scripts\OpenCV_AI_Competetion\project\Images\IMAGE_122.jpg</path>
	<source>
		<database>Unknown</database>
	</source>
	<size>
		<width>300</width>
		<height>300</height>
		<depth>3</depth>
	</size>
	<segmented>0</segmented>
	<object>
		<name>red</name>
		<pose>Unspecified</pose>
		<truncated>0</truncated>
		<difficult>0</difficult>
		<bndbox>
			<xmin>170</xmin>
			<ymin>132</ymin>
			<xmax>231</xmax>
			<ymax>192</ymax>
		</bndbox>
	</object>
	<object>
		<name>blue</name>
		<pose>Unspecified</pose>
		<truncated>0</truncated>
		<difficult>0</difficult>
		<bndbox>
			<xmin>72</xmin>
			<ymin>131</ymin>
			<xmax>132</xmax>
			<ymax>188</ymax>
		</bndbox>
	</object>
	<object>
		<name>black</name>
		<pose>Unspecified</pose>
		<truncated>0</truncated>
		<difficult>0</difficult>
		<bndbox>
			<xmin>116</xmin>
			<ymin>81</ymin>
			<xmax>175</xmax>
			<ymax>138</ymax>
		</bndbox>
	</object>
</annotation>
