<annotation>
	<folder>Images</folder>
	<filename>IMAGE_136.jpg</filename>
	<path>C:\scripts\OpenCV_AI_Competetion\project\Images\IMAGE_136.jpg</path>
	<source>
		<database>Unknown</database>
	</source>
	<size>
		<width>300</width>
		<height>300</height>
		<depth>3</depth>
	</size>
	<segmented>0</segmented>
	<object>
		<name>blue</name>
		<pose>Unspecified</pose>
		<truncated>0</truncated>
		<difficult>0</difficult>
		<bndbox>
			<xmin>71</xmin>
			<ymin>67</ymin>
			<xmax>133</xmax>
			<ymax>128</ymax>
		</bndbox>
	</object>
	<object>
		<name>black</name>
		<pose>Unspecified</pose>
		<truncated>0</truncated>
		<difficult>0</difficult>
		<bndbox>
			<xmin>156</xmin>
			<ymin>53</ymin>
			<xmax>218</xmax>
			<ymax>114</ymax>
		</bndbox>
	</object>
	<object>
		<name>red</name>
		<pose>Unspecified</pose>
		<truncated>0</truncated>
		<difficult>0</difficult>
		<bndbox>
			<xmin>126</xmin>
			<ymin>134</ymin>
			<xmax>188</xmax>
			<ymax>197</ymax>
		</bndbox>
	</object>
</annotation>
